City_ID,City,Country,Date,Lat,Lng,Max Temp,Humidity,Cloudiness,Wind Speed
0,Mkushi,ZM,2021-12-02 14:12:14,-13.6202,29.3939,87.85,26,45,6.42
1,Kapaa,US,2021-12-02 14:12:14,22.0752,-159.319,75.52,85,75,12.66
2,Yahotyn,UA,2021-12-02 14:12:14,50.2798,31.7625,38.91,78,100,13.38
3,Rikitea,PF,2021-12-02 14:12:15,-23.1203,-134.9692,75.06,78,13,18.39
4,Vaini,TO,2021-12-02 14:12:15,-21.2,-175.2,77.16,88,40,5.75
5,Hobart,AU,2021-12-02 14:10:31,-42.8794,147.3294,58.01,90,90,7.0
6,Bluff,NZ,2021-12-02 14:12:15,-46.6,168.3333,55.8,94,100,2.84
7,Norman Wells,CA,2021-12-02 14:12:15,65.282,-126.8329,-18.31,95,100,10.16
8,Sao Felix Do Xingu,BR,2021-12-02 14:11:16,-6.6447,-51.995,81.61,78,85,2.71
9,Mataura,NZ,2021-12-02 14:12:16,-46.1927,168.8643,55.47,89,100,1.16
10,Ushuaia,AR,2021-12-02 14:12:16,-54.8,-68.3,51.46,46,40,14.97
11,Severiano Melo,BR,2021-12-02 14:12:16,-5.7772,-37.9578,94.89,31,60,6.8
12,The Valley,AI,2021-12-02 14:12:16,18.217,-63.0578,84.34,70,40,14.97
13,Brandenburg,DE,2021-12-02 14:12:17,52.4167,12.55,39.96,62,3,10.71
14,Butaritari,KI,2021-12-02 14:12:00,3.0707,172.7902,81.34,76,95,10.42
15,Hermanus,ZA,2021-12-02 14:12:17,-34.4187,19.2345,67.89,60,92,10.25
16,Jamestown,US,2021-12-02 14:10:55,42.097,-79.2353,47.71,89,90,7.0
17,Wattegama,LK,2021-12-02 14:12:17,6.7989,81.4808,74.91,92,39,1.05
18,Abnub,EG,2021-12-02 14:12:17,27.2696,31.1511,69.12,35,100,13.85
19,Provideniya,RU,2021-12-02 14:12:18,64.3833,-173.3,-0.9,82,100,7.76
20,Port Alfred,ZA,2021-12-02 14:12:18,-33.5906,26.891,67.53,69,99,24.56
21,New Norfolk,AU,2021-12-02 14:12:18,-42.7826,147.0587,57.65,74,59,4.0
22,Vallenar,CL,2021-12-02 14:12:19,-28.5708,-70.7581,74.75,33,9,6.35
23,Carnarvon,AU,2021-12-02 14:12:19,-24.8667,113.6333,69.87,78,0,20.71
24,Ribeira Grande,PT,2021-12-02 14:12:19,38.5167,-28.7,66.6,72,75,6.91
25,Hithadhoo,MV,2021-12-02 14:12:20,-0.6,73.0833,82.89,74,78,8.1
26,Porto Walter,BR,2021-12-02 14:12:20,-8.2686,-72.7439,86.97,55,78,5.41
27,Kunyang,CN,2021-12-02 14:12:20,27.6658,120.5658,46.51,57,0,3.0
28,Okhotsk,RU,2021-12-02 14:12:20,59.3833,143.3,1.15,78,100,27.18
29,Atuona,PF,2021-12-02 14:12:21,-9.8,-139.0333,77.97,78,78,21.54
30,Anan,JP,2021-12-02 14:12:21,33.9167,134.65,46.49,71,3,9.24
31,Khatanga,RU,2021-12-02 14:12:21,71.9667,102.5,-44.9,100,67,3.6
32,Nome,US,2021-12-02 14:12:21,64.5011,-165.4064,-21.93,76,1,4.61
33,Hasaki,JP,2021-12-02 14:12:22,35.7333,140.8333,45.0,49,28,17.9
34,Kodiak,US,2021-12-02 14:12:22,57.79,-152.4072,18.91,63,90,26.46
35,Balabac,PH,2021-12-02 14:12:22,7.9868,117.0645,80.6,81,100,10.42
36,Luganville,VU,2021-12-02 14:12:22,-15.5333,167.1667,78.62,86,78,6.11
37,Pevek,RU,2021-12-02 14:12:23,69.7008,170.3133,-17.09,97,84,3.8
38,Bathsheba,BB,2021-12-02 14:12:23,13.2167,-59.5167,86.61,66,40,23.02
39,Mar Del Plata,AR,2021-12-02 14:12:23,-38.0023,-57.5575,63.88,79,34,17.0
40,Luderitz,NA,2021-12-02 14:12:23,-26.6481,15.1594,74.61,48,71,35.43
41,Hilo,US,2021-12-02 14:12:24,19.7297,-155.09,76.28,80,40,5.75
42,Port Elizabeth,ZA,2021-12-02 14:08:31,-33.918,25.5701,67.1,66,63,21.9
43,Punta Arenas,CL,2021-12-02 14:12:24,-53.15,-70.9167,53.71,54,75,19.57
44,Grindavik,IS,2021-12-02 14:12:24,63.8424,-22.4338,37.87,87,75,28.77
45,Cherskiy,RU,2021-12-02 14:12:24,68.75,161.3,-21.86,90,100,6.06
46,Piacabucu,BR,2021-12-02 14:12:25,-10.4056,-36.4344,88.48,53,89,12.33
47,Sambava,MG,2021-12-02 14:12:25,-14.2667,50.1667,81.25,72,2,14.18
48,Nikolskoye,RU,2021-12-02 14:12:25,59.7035,30.7861,17.49,97,100,3.47
49,Busselton,AU,2021-12-02 14:12:25,-33.65,115.3333,58.08,69,0,20.15
50,Torbay,CA,2021-12-02 14:12:26,47.6666,-52.7314,42.58,79,7,4.0
51,Airai,TL,2021-12-02 14:12:26,-8.9266,125.4092,63.05,88,100,1.99
52,Arraial Do Cabo,BR,2021-12-02 14:12:26,-22.9661,-42.0278,78.66,73,40,12.66
53,Quelimane,MZ,2021-12-02 14:12:26,-17.8786,36.8883,86.79,62,4,14.38
54,Bentiu,SS,2021-12-02 14:12:27,9.2333,29.8333,95.83,20,52,9.8
55,Bograd,RU,2021-12-02 14:12:27,54.2344,90.8328,8.35,77,34,4.34
56,Mudigere,IN,2021-12-02 14:12:27,13.1333,75.6333,66.45,97,65,0.2
57,Locri,IT,2021-12-02 14:12:27,38.2414,16.2623,65.95,66,2,14.99
58,Saint-Philippe,RE,2021-12-02 14:12:28,-21.3585,55.7679,81.95,83,38,13.89
59,Upernavik,GL,2021-12-02 14:12:28,72.7868,-56.1549,28.72,90,100,5.86
60,Cape Town,ZA,2021-12-02 14:10:54,-33.9258,18.4232,69.1,46,14,17.18
61,Shieli,KZ,2021-12-02 14:12:28,44.1667,66.75,57.83,30,100,7.52
62,Arroyo,ES,2021-12-02 14:12:28,41.6096,-4.7969,46.44,67,75,12.66
63,Sao Filipe,CV,2021-12-02 14:12:29,14.8961,-24.4956,75.42,66,100,9.04
64,Pangnirtung,CA,2021-12-02 14:12:29,66.1451,-65.7125,-0.53,92,65,7.63
65,Nanortalik,GL,2021-12-02 14:12:29,60.1432,-45.2371,31.35,85,100,13.06
66,Barrow,US,2021-12-02 14:12:29,71.2906,-156.7887,-9.38,70,90,6.91
67,Chokurdakh,RU,2021-12-02 14:12:30,70.6333,147.9167,-41.62,100,65,4.74
68,Uray,RU,2021-12-02 14:12:30,60.1247,64.7758,24.21,94,100,7.56
69,Bredasdorp,ZA,2021-12-02 14:12:30,-34.5322,20.0403,64.27,54,77,10.94
70,Castro,BR,2021-12-02 14:12:31,-24.7911,-50.0119,77.92,51,77,1.77
71,Sao Joao Da Barra,BR,2021-12-02 14:12:31,-21.6403,-41.0511,82.49,73,20,13.47
72,Faanui,PF,2021-12-02 14:12:31,-16.4833,-151.75,80.29,74,48,18.21
73,Avarua,CK,2021-12-02 14:12:31,-21.2078,-159.775,75.25,94,75,16.11
74,Albany,US,2021-12-02 14:09:05,42.6001,-73.9662,48.15,92,100,1.01
75,Jaciara,BR,2021-12-02 14:11:21,-15.9653,-54.9683,88.95,55,65,3.42
76,Mgandu,TZ,2021-12-02 14:12:32,-5.95,34.1333,85.42,21,78,11.9
77,Penzance,GB,2021-12-02 14:12:32,50.1186,-5.5371,48.27,66,40,18.41
78,San Patricio,US,2021-12-02 14:12:32,28.017,-97.5169,67.86,95,39,1.88
79,Owando,CG,2021-12-02 14:12:32,-0.4819,15.8999,87.28,52,100,3.0
80,Hornepayne,CA,2021-12-02 14:12:33,49.2138,-84.7705,16.93,90,100,13.62
81,Areia Branca,BR,2021-12-02 14:12:33,-4.9561,-37.1369,89.44,51,31,13.91
82,Meulaboh,ID,2021-12-02 14:12:33,4.1363,96.1285,77.72,88,100,5.75
83,Ilulissat,GL,2021-12-02 14:12:33,69.2167,-51.1,23.2,96,100,14.52
84,Salalah,OM,2021-12-02 14:12:34,17.0151,54.0924,80.69,57,20,4.61
85,Lopatino,RU,2021-12-02 14:12:34,52.6195,45.8118,27.41,68,57,11.88
86,Hamilton,US,2021-12-02 14:12:34,39.1834,-84.5333,53.42,85,1,4.0
87,Tasiilaq,GL,2021-12-02 14:12:34,65.6145,-37.6368,14.65,91,73,10.51
88,Los Llanos De Aridane,ES,2021-12-02 14:12:35,28.6585,-17.9182,65.95,68,75,14.0
89,Itarema,BR,2021-12-02 14:12:35,-2.9248,-39.9167,89.55,53,100,15.28
90,Cayenne,GF,2021-12-02 14:12:35,4.9333,-52.3333,84.09,80,75,3.0
91,Nyurba,RU,2021-12-02 14:12:35,63.2842,118.3319,-20.88,100,98,3.13
92,Isangel,VU,2021-12-02 14:12:36,-19.55,169.2667,77.13,84,100,9.6
93,Georgetown,MY,2021-12-02 14:12:36,5.4112,100.3354,81.9,85,40,2.3
94,Tuktoyaktuk,CA,2021-12-02 14:12:36,69.4541,-133.0374,-18.54,98,42,10.96
95,Manresa,ES,2021-12-02 14:12:36,41.725,1.8266,57.99,59,0,5.99
96,Saskylakh,RU,2021-12-02 14:12:37,71.9167,114.0833,-39.3,100,92,1.97
97,Klaksvik,FO,2021-12-02 14:12:37,62.2266,-6.589,36.52,62,100,11.99
98,Sinop,TR,2021-12-02 14:12:02,41.7711,34.8709,46.83,62,3,9.71
99,Tual,ID,2021-12-02 14:12:37,-5.6667,132.75,81.88,76,99,9.98
100,Victoria,HK,2021-12-02 14:11:35,22.2855,114.1577,66.33,38,10,1.01
101,Longyearbyen,SJ,2021-12-02 14:12:34,78.2186,15.6401,26.44,68,40,24.16
102,Rocha,UY,2021-12-02 14:12:38,-34.4833,-54.3333,67.1,56,97,7.58
103,Broome,US,2021-12-02 14:12:38,42.2506,-75.833,47.01,83,90,1.99
104,Buraydah,SA,2021-12-02 14:12:38,26.326,43.975,71.29,29,95,10.54
105,Samaipata,BO,2021-12-02 14:12:38,-18.15,-63.8667,59.32,92,100,2.17
106,Doha,QA,2021-12-02 14:09:48,25.2867,51.5333,79.11,69,0,9.22
107,Suntar,RU,2021-12-02 14:12:39,62.1444,117.6319,-13.7,98,99,3.6
108,Iqaluit,CA,2021-12-02 14:12:39,63.7506,-68.5145,20.7,62,98,15.99
109,Labrea,BR,2021-12-02 14:12:39,-7.2586,-64.7981,75.13,97,100,1.88
110,Chapais,CA,2021-12-02 14:12:39,49.7834,-74.8492,22.78,95,100,14.05
111,Rosarito,MX,2021-12-02 14:12:40,32.3333,-117.0333,58.08,85,0,1.92
112,Puerto Ayora,EC,2021-12-02 14:12:40,-0.7393,-90.3518,69.76,81,47,8.86
113,Burbach,DE,2021-12-02 14:12:40,50.75,8.0833,37.89,89,75,12.66
114,Rio Gallegos,AR,2021-12-02 14:12:40,-51.6226,-69.2181,59.05,36,40,26.46
115,Talcahuano,CL,2021-12-02 14:12:00,-36.7167,-73.1167,60.48,72,0,9.22
116,Valdepenas,ES,2021-12-02 14:12:41,38.7621,-3.3848,50.09,49,56,20.74
117,Jambi,ID,2021-12-02 14:12:41,-1.6,103.6167,76.05,93,100,3.24
118,Yaring,TH,2021-12-02 14:12:41,6.8662,101.3689,78.3,81,100,12.08
119,Anadyr,RU,2021-12-02 14:12:41,64.75,177.4833,6.06,92,100,11.61
120,Bambous Virieux,MU,2021-12-02 14:11:55,-20.3428,57.7575,82.22,78,75,11.5
121,Sioux Lookout,CA,2021-12-02 14:12:42,50.1001,-91.917,19.78,94,99,6.02
122,Ust-Nera,RU,2021-12-02 14:12:42,64.5667,143.2,-20.72,96,100,6.22
123,Vigrestad,NO,2021-12-02 14:12:42,58.5667,5.7,35.28,60,84,25.7
124,Anshun,CN,2021-12-02 14:12:42,26.25,105.9333,47.35,79,100,5.95
125,Sindor,RU,2021-12-02 14:12:43,62.8629,51.8905,18.16,94,100,5.73
126,Kaitangata,NZ,2021-12-02 14:12:43,-46.2817,169.8464,54.19,97,88,4.85
127,Yar-Sale,RU,2021-12-02 14:12:43,66.8333,70.8333,4.96,95,100,16.24
128,Yellowknife,CA,2021-12-02 14:11:15,62.456,-114.3525,-0.58,94,90,11.5
129,Saldanha,ZA,2021-12-02 14:12:43,-33.0117,17.9442,62.2,64,3,20.24
130,Brandfort,ZA,2021-12-02 14:12:44,-28.7001,26.4597,80.01,63,95,7.81
131,Vila,PT,2021-12-02 14:12:44,42.0304,-8.1588,46.33,74,89,7.65
132,Clyde River,CA,2021-12-02 14:12:44,70.4692,-68.5914,5.23,85,100,4.61
133,Mount Isa,AU,2021-12-02 14:12:44,-20.7333,139.5,91.17,19,7,11.5
134,Pochutla,MX,2021-12-02 14:12:45,15.7432,-96.4661,75.81,47,70,1.48
135,Saint-Georges,GD,2021-12-02 14:12:45,12.0564,-61.7485,83.88,70,40,20.71
136,Yining,CN,2021-12-02 14:12:45,29.0361,114.5636,44.71,52,16,1.19
137,Jumla,NP,2021-12-02 14:12:46,29.2747,82.1838,45.37,99,100,3.33
138,Rapid Valley,US,2021-12-02 14:12:46,44.0625,-103.1463,65.25,53,1,4.61
139,Kudat,MY,2021-12-02 14:12:46,6.8837,116.8477,79.66,81,100,6.8
140,Quimperle,FR,2021-12-02 14:12:46,47.8667,-3.55,49.95,81,75,11.5
141,Naze,JP,2021-12-02 14:12:47,28.3667,129.4833,56.07,72,17,8.1
142,Chabahar,IR,2021-12-02 14:12:47,25.2919,60.643,76.21,65,1,9.57
143,Matara,LK,2021-12-02 14:08:10,5.9485,80.5353,78.55,84,20,5.28
144,Portland,US,2021-12-02 14:10:41,45.5234,-122.6762,53.62,91,75,1.01
145,Vardo,NO,2021-12-02 14:12:47,70.3705,31.1107,28.38,86,75,19.57
146,Port Hardy,CA,2021-12-02 14:12:47,50.6996,-127.4199,38.75,75,100,7.27
147,Maragogi,BR,2021-12-02 14:12:48,-9.0122,-35.2225,86.5,55,100,12.33
148,Algeciras,ES,2021-12-02 14:12:48,36.1333,-5.4505,60.48,48,20,12.66
149,Ennis,IE,2021-12-02 14:12:48,52.8436,-8.9864,48.13,81,75,8.05
150,Whyalla,AU,2021-12-02 14:12:48,-33.0333,137.5833,62.49,63,10,16.11
151,Aklavik,CA,2021-12-02 14:12:49,68.2191,-135.0107,-18.65,92,100,17.54
152,Mpraeso,GH,2021-12-02 14:12:49,6.5932,-0.7346,92.66,27,100,5.84
153,Baijiantan,CN,2021-12-02 14:12:49,45.6333,85.1833,27.39,52,23,3.56
154,Bubaque,GW,2021-12-02 14:12:49,11.2833,-15.8333,81.45,52,4,2.89
155,Tuatapere,NZ,2021-12-02 14:12:50,-46.1333,167.6833,55.81,92,94,4.16
156,Dudinka,RU,2021-12-02 14:12:50,69.4058,86.1778,-7.38,92,100,11.34
157,Vadakku Valliyur,IN,2021-12-02 14:12:50,8.3833,77.65,77.5,88,99,4.29
158,Erenhot,CN,2021-12-02 14:12:50,43.6475,111.9767,23.99,53,1,11.21
159,Dikson,RU,2021-12-02 14:12:51,73.5069,80.5464,-9.83,96,100,7.43
160,Ulladulla,AU,2021-12-02 14:12:51,-35.35,150.4667,67.87,95,32,3.8
161,Omboue,GA,2021-12-02 14:12:51,-1.5746,9.2618,81.93,77,98,10.36
162,Puerto Rondon,CO,2021-12-02 14:12:51,6.2805,-71.1,80.33,69,100,10.83
163,Riberalta,BO,2021-12-02 14:12:52,-10.9833,-66.1,84.06,66,100,4.92
164,Souillac,MU,2021-12-02 14:12:52,-20.5167,57.5167,82.36,78,75,11.5
165,Palmer,US,2021-12-02 14:12:52,42.1584,-72.3287,50.81,88,100,9.62
166,Komono,JP,2021-12-02 14:12:53,35.0,136.5167,43.61,65,0,2.89
167,Anchorage,US,2021-12-02 14:12:45,61.2181,-149.9003,13.68,79,90,5.75
168,Baykit,RU,2021-12-02 14:12:53,61.67,96.37,11.82,96,100,2.77
169,Marsa Matruh,EG,2021-12-02 14:12:53,31.3525,27.2453,64.98,52,61,8.72
170,Gunjur,GM,2021-12-02 14:12:53,13.2019,-16.7339,85.46,34,14,12.46
171,Vestmannaeyjar,IS,2021-12-02 14:12:54,63.4427,-20.2734,40.19,81,40,18.41
172,Lebu,CL,2021-12-02 14:12:54,-37.6167,-73.65,56.64,69,100,15.48
173,Bowen,AU,2021-12-02 14:12:54,-20.0167,148.2333,80.28,80,84,7.45
174,Fayaoue,NC,2021-12-02 14:12:54,-20.65,166.5333,79.92,78,95,16.02
175,Rawson,AR,2021-12-02 14:10:52,-43.3002,-65.1023,60.51,43,57,16.73
176,Broken Hill,AU,2021-12-02 14:12:55,-31.95,141.4333,69.04,44,53,25.37
177,Bargarh,IN,2021-12-02 14:12:55,21.3333,83.6167,68.77,48,33,2.48
178,Chuy,UY,2021-12-02 14:12:55,-33.6971,-53.4616,67.71,59,86,9.35
179,Churapcha,RU,2021-12-02 14:12:14,62.0025,132.4325,-25.56,95,39,9.08
180,Salsig,RO,2021-12-02 14:12:55,47.5333,23.3,45.93,90,90,5.75
181,Erzin,TR,2021-12-02 14:12:56,36.9559,36.2,63.32,39,0,1.52
182,Nouakchott,MR,2021-12-02 14:12:56,18.0858,-15.9785,87.73,24,100,13.38
183,Tocopilla,CL,2021-12-02 14:12:56,-22.092,-70.1979,69.73,62,15,8.68
184,Oum Hadjer,TD,2021-12-02 14:12:56,13.2954,19.6966,94.69,12,3,4.29
185,Touros,BR,2021-12-02 14:12:57,-5.1989,-35.4608,90.5,57,98,13.33
186,Maningrida,AU,2021-12-02 14:12:57,-12.0667,134.2667,82.62,65,100,3.42
187,Anuradhapura,LK,2021-12-02 14:12:57,8.3565,80.4173,74.43,95,92,4.54
188,Padang,ID,2021-12-02 14:12:57,-0.9492,100.3543,80.65,80,96,2.42
189,Talnakh,RU,2021-12-02 14:12:58,69.4865,88.3972,-7.8,93,100,6.17
190,Jinchang,CN,2021-12-02 14:12:58,38.4953,102.1739,30.56,21,5,2.89
191,Bassar,TG,2021-12-02 14:12:58,9.25,0.7833,98.22,11,78,5.84
192,Ancud,CL,2021-12-02 14:12:58,-41.8697,-73.8203,54.93,47,3,4.81
193,Konevo,RU,2021-12-02 14:12:59,62.1215,39.3192,19.26,95,100,5.99
194,Severo-Kurilsk,RU,2021-12-02 14:12:59,50.6789,156.125,32.77,69,94,33.24
195,Haines Junction,CA,2021-12-02 14:12:59,60.7522,-137.5108,2.55,99,100,2.13
196,Grimshaw,CA,2021-12-02 14:12:59,56.1834,-117.6027,32.02,59,36,24.45
197,Balezino,RU,2021-12-02 14:13:00,57.9796,53.0106,24.22,90,100,9.53
198,Katsuura,JP,2021-12-02 14:09:15,35.1333,140.3,51.91,59,95,19.06
199,Vila Franca Do Campo,PT,2021-12-02 14:13:00,37.7167,-25.4333,70.2,69,63,3.91
200,Vila Velha,BR,2021-12-02 14:10:49,-20.3297,-40.2925,80.94,79,20,17.27
201,Mustafakemalpasa,TR,2021-12-02 14:13:00,40.0353,28.4117,57.96,41,0,6.04
202,Riyadh,SA,2021-12-02 14:13:00,24.6877,46.7219,78.94,17,73,4.56
203,Thompson,CA,2021-12-02 14:13:01,55.7435,-97.8558,-12.5,94,100,3.91
204,Sutton,GB,2021-12-02 14:13:01,51.35,-0.2,42.33,70,40,1.01
205,Wenling,CN,2021-12-02 14:13:01,28.3669,121.36,43.92,60,6,4.94
206,Te Anau,NZ,2021-12-02 14:13:01,-45.4167,167.7167,53.73,98,100,1.7
207,Kassala,SD,2021-12-02 14:13:02,15.451,36.4,93.72,16,0,12.59
208,Sao Domingos Do Maranhao,BR,2021-12-02 14:13:02,-5.5758,-44.3853,92.35,49,56,2.75
209,Alta Floresta,BR,2021-12-02 14:13:02,-9.8756,-56.0861,82.24,70,85,2.82
210,Mozirje,SI,2021-12-02 14:13:02,46.3394,14.9633,41.14,95,100,2.08
211,Ottawa,CA,2021-12-02 14:11:24,45.4112,-75.6981,41.67,91,90,3.0
212,Klyuchi,RU,2021-12-02 14:13:03,52.2667,79.1667,27.91,72,27,16.42
213,Coihaique,CL,2021-12-02 14:13:03,-45.5752,-72.0662,54.21,46,20,4.61
214,Batagay-Alyta,RU,2021-12-02 14:13:03,67.8006,130.4114,-36.33,95,22,5.23
215,Weihai,CN,2021-12-02 14:13:03,37.5017,122.1136,47.3,53,61,22.17
216,Kearney,US,2021-12-02 14:12:35,40.6995,-99.0815,47.44,58,1,5.01
217,Harlingen,US,2021-12-02 14:13:04,26.1906,-97.6961,71.2,97,90,0.0
218,Nizwa,OM,2021-12-02 14:13:04,22.9333,57.5333,76.46,31,65,7.27
219,Cabo San Lucas,MX,2021-12-02 14:09:28,22.8909,-109.9124,74.52,68,1,1.01
220,Nouadhibou,MR,2021-12-02 14:13:04,20.931,-17.0347,70.07,45,100,17.34
221,Tromso,NO,2021-12-02 14:13:05,69.6496,18.957,28.42,59,0,6.91
222,Mobai,SL,2021-12-02 14:13:05,7.9944,-10.7511,93.54,42,89,0.92
223,Genhe,CN,2021-12-02 14:13:05,50.7833,121.5167,-4.61,99,59,2.77
224,Soe,ID,2021-12-02 14:13:05,-9.8607,124.284,69.78,92,100,3.04
225,Vertientes,CU,2021-12-02 14:13:06,21.2594,-78.1464,75.81,74,0,10.13
226,Lishui,CN,2021-12-02 14:13:06,28.4604,119.9103,41.97,69,20,1.23
227,Marawi,PH,2021-12-02 14:13:06,7.9986,124.2928,69.66,93,100,1.66
228,Natal,BR,2021-12-02 14:13:06,-5.795,-35.2094,90.25,48,40,12.66
229,Rabo De Peixe,PT,2021-12-02 14:13:07,37.8,-25.5833,69.28,99,75,4.61
230,Abha,SA,2021-12-02 14:13:07,18.2164,42.5053,62.85,63,0,11.5
231,Qaanaaq,GL,2021-12-02 14:13:07,77.484,-69.3632,5.5,68,100,6.76
232,Santa Lucia,ES,2021-12-02 14:13:07,27.9117,-15.5407,61.92,60,40,26.46
233,Belmonte,BR,2021-12-02 14:13:08,-15.8631,-38.8828,81.1,77,85,11.25
234,Thiers,FR,2021-12-02 14:13:08,45.8333,3.5,43.12,80,38,9.64
235,Saint George,US,2021-12-02 14:09:52,37.1041,-113.5841,55.35,45,1,0.0
236,Krasnogvardeyskiy,RU,2021-12-02 14:13:08,57.3793,62.3195,29.44,80,58,9.73
237,Carutapera,BR,2021-12-02 14:13:08,-1.195,-46.02,87.33,58,100,5.84
238,Kolpny,RU,2021-12-02 14:13:09,52.2282,37.0368,29.34,95,100,17.54
239,Saint-Pierre,RE,2021-12-02 14:13:09,-21.3393,55.4781,82.04,75,20,26.46
240,Zunyi,CN,2021-12-02 14:13:09,27.6867,106.9072,48.79,82,85,3.85
241,Husavik,IS,2021-12-02 14:13:10,66.0449,-17.3389,31.06,81,100,13.6
242,Sitka,US,2021-12-02 14:13:10,57.0531,-135.33,33.69,80,90,6.91
243,Phan Thiet,VN,2021-12-02 14:13:10,10.9333,108.1,75.38,84,95,7.16
244,Araouane,ML,2021-12-02 14:13:10,18.9048,-3.5265,91.35,8,7,6.38
245,Basoko,CD,2021-12-02 14:13:11,1.2391,23.616,88.95,49,100,2.95
246,Mahebourg,MU,2021-12-02 14:13:11,-20.4081,57.7,82.26,78,75,11.5
247,Mehamn,NO,2021-12-02 14:13:11,71.0357,27.8492,30.11,68,98,13.4
248,San Cristobal,VE,2021-12-02 14:13:11,7.7669,-72.225,71.78,62,73,5.55
249,Hit,IQ,2021-12-02 14:13:12,33.6416,42.8251,63.03,34,4,11.77
250,Lensk,RU,2021-12-02 14:13:12,60.7253,114.9278,-10.79,96,100,5.95
251,East London,ZA,2021-12-02 14:13:12,-33.0153,27.9116,68.76,74,100,21.27
252,Swift Current,CA,2021-12-02 14:13:12,50.2834,-107.8014,34.99,99,100,6.44
253,Kahului,US,2021-12-02 14:13:13,20.8947,-156.47,69.06,88,1,0.0
254,Neustadt,DE,2021-12-02 14:13:13,49.7117,12.0872,36.57,91,100,4.9
255,Dunda,TZ,2021-12-02 14:13:13,-8.1167,34.25,86.58,33,60,4.47
256,Taltal,CL,2021-12-02 14:13:13,-25.4,-70.4833,65.05,70,30,5.1
257,Xai-Xai,MZ,2021-12-02 14:13:14,-25.0519,33.6442,83.41,59,0,16.02
258,Jurbarkas,LT,2021-12-02 14:13:14,55.0778,22.7664,33.04,94,100,18.59
259,Bengkulu,ID,2021-12-02 14:13:14,-3.8004,102.2655,78.1,84,65,5.01
260,Villaviciosa,ES,2021-12-02 14:09:01,43.4813,-5.4357,54.16,74,100,9.98
261,Svetlogorsk,BY,2021-12-02 14:13:14,52.6333,29.7333,38.61,92,99,10.8
262,Conceicao Do Araguaia,BR,2021-12-02 14:13:15,-8.2578,-49.2647,73.63,94,100,2.51
263,Awjilah,LY,2021-12-02 14:13:15,29.1081,21.2869,67.57,41,100,6.76
264,Cockburn Town,TC,2021-12-02 14:13:15,21.4612,-71.1419,81.03,73,6,15.17
265,Hay River,CA,2021-12-02 14:13:15,60.8156,-115.7999,1.36,85,75,3.44
266,Kenai,US,2021-12-02 14:13:16,60.5544,-151.2583,17.15,85,90,5.75
267,Murdochville,CA,2021-12-02 14:13:16,48.9583,-65.5006,17.91,72,100,7.47
268,Paamiut,GL,2021-12-02 14:13:16,61.994,-49.6678,29.1,74,100,6.13
269,Krasnoselkup,RU,2021-12-02 14:13:16,65.7,82.4667,12.4,95,100,18.54
270,Bartow,US,2021-12-02 14:10:48,27.8964,-81.8431,67.03,75,40,8.01
271,Ostrovnoy,RU,2021-12-02 14:13:17,68.0531,39.5131,28.18,70,100,26.08
272,Novikovo,RU,2021-12-02 14:13:17,51.1537,37.8879,32.36,59,97,16.31
273,Viesca,MX,2021-12-02 14:13:17,25.35,-102.8,59.36,63,100,2.66
274,Constitucion,CL,2021-12-02 14:13:17,-35.3333,-72.4167,62.71,58,100,7.27
275,Sembe,CG,2021-12-02 14:13:18,1.6481,14.5806,78.48,81,100,2.46
276,Mancio Lima,BR,2021-12-02 14:13:18,-7.6142,-72.8958,79.47,86,95,3.67
277,Kieta,PG,2021-12-02 14:13:18,-6.2167,155.6333,79.21,81,66,2.01
278,Lyubim,RU,2021-12-02 14:13:18,58.3625,40.6843,19.47,87,100,7.49
279,Esperance,AU,2021-12-02 14:13:19,-33.8667,121.9,61.07,75,86,17.0
280,Soc Trang,VN,2021-12-02 14:13:19,9.6033,105.98,75.16,80,100,4.0
281,Lagoa,PT,2021-12-02 14:13:19,39.05,-27.9833,63.86,73,2,4.23
282,Shitkino,RU,2021-12-02 14:13:19,56.3703,98.3543,28.15,82,96,8.12
283,Port Jervis,US,2021-12-02 14:13:20,41.3751,-74.6927,48.61,63,100,8.39
284,San Vicente,AR,2021-12-02 14:13:20,-26.6167,-54.1333,84.06,29,1,4.56
285,Takoradi,GH,2021-12-02 14:10:36,4.8845,-1.7554,84.79,70,22,7.67
286,Brigham City,US,2021-12-02 14:13:20,41.5102,-112.0155,43.81,74,1,8.01
287,Hobyo,SO,2021-12-02 14:13:20,5.3505,48.5268,80.02,62,63,16.11
288,Melo,UY,2021-12-02 14:08:40,-32.3667,-54.1833,71.08,50,8,10.63
289,Banfora,BF,2021-12-02 14:13:21,10.6333,-4.7667,99.32,11,68,4.45
290,Viedma,AR,2021-12-02 14:13:21,-40.8135,-62.9967,66.88,26,100,15.17
291,Amarkantak,IN,2021-12-02 14:13:21,22.6667,81.75,55.96,41,100,2.46
292,Port Lincoln,AU,2021-12-02 14:13:21,-34.7333,135.8667,57.94,79,2,11.21
293,Herat,AF,2021-12-02 14:13:22,34.5,62.0,60.4,26,100,14.9
294,Makakilo City,US,2021-12-02 14:13:22,21.3469,-158.0858,71.29,86,75,3.44
295,Pascagoula,US,2021-12-02 14:13:22,30.3658,-88.5561,59.05,94,40,0.0
296,Butembo,CD,2021-12-02 14:13:22,0.15,29.2833,65.61,89,61,0.49
297,Verkhoyansk,RU,2021-12-02 14:13:23,67.5447,133.385,-46.19,100,100,2.39
298,Port Augusta,AU,2021-12-02 14:13:23,-32.5,137.7667,63.72,64,8,18.23
299,Dekernes,EG,2021-12-02 14:13:23,31.0876,31.595,67.95,44,41,11.36
300,Atambua,ID,2021-12-02 14:13:23,-9.1061,124.8925,76.66,85,80,2.15
301,Whitianga,NZ,2021-12-02 14:13:24,-36.8333,175.7,63.01,90,99,6.93
302,Salinopolis,BR,2021-12-02 14:13:24,-0.6136,-47.3561,86.18,66,98,9.19
303,Mount Gambier,AU,2021-12-02 14:11:56,-37.8333,140.7667,48.36,95,12,2.21
304,Sabancuy,MX,2021-12-02 14:13:24,18.9667,-91.1833,72.73,85,48,7.63
305,Kavaratti,IN,2021-12-02 14:13:24,10.5669,72.642,81.45,78,51,6.42
306,Tavricheskoye,RU,2021-12-02 14:13:25,54.5851,73.6395,33.71,75,100,17.02
307,Road Town,VG,2021-12-02 14:09:13,18.4167,-64.6167,86.04,66,40,11.5
308,Lincoln,US,2021-12-02 14:08:54,40.8,-96.667,49.01,63,1,0.0
309,Ouegoa,NC,2021-12-02 14:13:25,-20.35,164.4333,79.84,80,100,11.39
310,Gawler,AU,2021-12-02 14:13:25,-34.6,138.7333,58.48,75,0,6.11
311,Ugoofaaru,MV,2021-12-02 14:13:25,5.6667,73.0,82.99,74,100,5.88
312,Ust-Maya,RU,2021-12-02 14:13:26,60.4167,134.5333,-22.92,95,36,5.91
313,Bay Saint Louis,US,2021-12-02 14:13:26,30.3088,-89.33,59.02,92,7,4.21
314,That Phanom,TH,2021-12-02 14:13:26,16.9364,104.7104,63.52,67,6,13.62
315,Khandyga,RU,2021-12-02 14:13:26,62.6667,135.6,-43.78,100,51,1.92
316,Margate,GB,2021-12-02 14:13:27,51.3813,1.3862,42.89,78,74,5.01
317,Bethel,US,2021-12-02 14:13:27,41.3712,-73.414,54.48,85,1,4.0
318,Lac Du Bonnet,CA,2021-12-02 14:13:27,50.2536,-96.0612,16.79,93,100,7.09
319,Maniitsoq,GL,2021-12-02 14:13:27,65.4167,-52.9,26.56,71,100,19.93
320,Pisco,PE,2021-12-02 14:13:28,-13.7,-76.2167,69.03,82,28,6.2
321,Kavieng,PG,2021-12-02 14:13:28,-2.5744,150.7967,82.08,75,79,5.68
322,Regente Feijo,BR,2021-12-02 14:13:28,-22.2214,-51.3028,82.51,39,63,3.62
323,Kommunisticheskiy,RU,2021-12-02 14:13:28,61.6789,64.4819,8.74,94,97,5.95
324,Reus,ES,2021-12-02 14:11:15,41.1561,1.1069,59.56,49,20,18.01
325,Yulara,AU,2021-12-02 14:13:29,-25.2406,130.9889,84.04,16,5,9.22
326,Hovd,MN,2021-12-02 14:13:29,48.0056,91.6419,13.6,65,2,0.4
327,Winnemucca,US,2021-12-02 14:13:29,40.973,-117.7357,44.42,48,0,5.53
328,Diego De Almagro,CL,2021-12-02 14:13:29,-26.3667,-70.05,73.44,23,12,6.17
329,Shingu,JP,2021-12-02 14:13:30,33.7333,135.9833,42.91,77,13,5.57
330,Dingle,PH,2021-12-02 14:13:30,10.9995,122.6711,74.82,93,100,6.71
331,Arti,RU,2021-12-02 14:13:30,56.4234,58.5328,26.47,84,100,13.02
332,Santo Antonio Do Leverger,BR,2021-12-02 14:13:30,-15.8656,-56.0767,89.98,54,98,5.64
333,Vila Do Maio,CV,2021-12-02 14:13:31,15.1333,-23.2167,75.27,65,100,20.62
334,Ponta Do Sol,PT,2021-12-02 14:13:31,32.6667,-17.1,70.12,49,2,5.48
335,Shakawe,BW,2021-12-02 14:13:31,-18.3667,21.85,92.89,22,89,4.83
336,Vanavara,RU,2021-12-02 14:13:31,60.34,102.2797,-3.32,100,98,3.11
337,Bilibino,RU,2021-12-02 14:13:32,68.0546,166.4372,-11.74,88,100,7.18
338,Nemuro,JP,2021-12-02 14:13:32,43.3236,145.575,38.53,56,0,19.53
339,Adrar,MR,2021-12-02 14:13:32,20.5022,-10.0711,80.85,10,99,12.86
340,Dubbo,AU,2021-12-02 14:13:32,-32.25,148.6167,66.33,82,31,6.91
341,Yicheng,CN,2021-12-02 14:13:33,31.3705,119.8703,45.93,45,0,9.24
342,Fernie,CA,2021-12-02 14:13:33,49.5,-115.0687,41.36,84,100,5.64
343,Laguna,US,2021-12-02 14:13:33,38.421,-121.4238,67.84,98,20,4.61
344,Sampit,ID,2021-12-02 14:13:33,-2.5333,112.95,77.67,89,54,3.33
345,Shanhetun,CN,2021-12-02 14:13:34,44.7,127.2,16.75,91,100,13.82
346,Tutoia,BR,2021-12-02 14:13:34,-2.7619,-42.2744,88.27,57,73,12.91
347,Ascension,US,2021-12-02 14:13:34,30.2169,-90.9001,59.99,100,90,0.0
348,Gayny,RU,2021-12-02 14:13:34,60.3071,54.3241,19.76,94,96,7.47
349,Perelyub,RU,2021-12-02 14:13:35,51.8667,50.3667,31.28,95,98,13.96
350,Mayo,US,2021-12-02 14:13:35,38.8876,-76.5119,54.25,68,1,1.99
351,Walvis Bay,NA,2021-12-02 14:13:35,-22.9575,14.5053,65.08,54,2,18.88
352,Jalu,LY,2021-12-02 14:13:35,29.0331,21.5482,67.42,40,100,6.51
353,Olafsvik,IS,2021-12-02 14:13:36,64.8945,-23.7142,40.08,74,100,27.69
354,Swan Hill,AU,2021-12-02 14:13:36,-35.3378,143.5544,63.19,75,0,15.37
355,Mwense,ZM,2021-12-02 14:13:36,-10.3845,28.698,82.78,50,81,5.3
356,Novyy Urengoy,RU,2021-12-02 14:13:36,66.0833,76.6333,7.81,95,100,15.82
357,Shelburne,CA,2021-12-02 14:13:37,44.0787,-80.2041,43.12,97,100,21.21
358,Suluq,LY,2021-12-02 14:13:37,31.6682,20.2521,64.98,55,98,13.42
359,Kandalaksha,RU,2021-12-02 14:13:37,67.162,32.4123,21.07,89,99,7.65
360,Kattivakkam,IN,2021-12-02 14:13:37,13.2167,80.3167,82.08,79,100,11.7
361,Trelew,AR,2021-12-02 14:11:55,-43.249,-65.3051,63.81,32,70,14.45
362,High Level,CA,2021-12-02 14:12:09,58.5169,-117.136,7.5,96,100,4.43
363,Isiro,CD,2021-12-02 14:13:38,2.7739,27.616,74.41,84,98,7.74
364,Moanda,GA,2021-12-02 14:13:38,-1.5575,13.2178,88.47,49,73,2.01
365,Kabelvag,NO,2021-12-02 14:13:38,68.2114,14.4817,33.8,47,40,23.02
366,Ambulu,ID,2021-12-02 14:13:38,-8.345,113.6058,78.01,90,100,1.19
367,Alice Town,BS,2021-12-02 14:13:39,25.7167,-79.3,74.16,62,0,8.3
368,Gravdal,NO,2021-12-02 14:13:39,68.1214,13.5031,37.08,50,20,5.75
369,Yarmouth,US,2021-12-02 14:13:39,41.7057,-70.2286,53.98,86,40,10.36
370,Agadez,NE,2021-12-02 14:13:39,19.75,10.25,79.54,11,14,2.66
371,Wieliczka,PL,2021-12-02 14:13:40,49.9874,20.0647,46.94,57,100,3.0
372,Saraipali,IN,2021-12-02 14:13:40,21.3333,83.0,67.75,48,47,2.24
373,Chimbote,PE,2021-12-02 14:13:40,-9.0853,-78.5783,67.78,79,94,7.81
374,San Jose,US,2021-12-02 14:10:19,37.3394,-121.895,62.2,58,1,0.0
375,Kununurra,AU,2021-12-02 14:13:40,-15.7667,128.7333,87.78,70,100,9.22
376,Russell,US,2021-12-02 14:13:41,32.3502,-85.1999,55.99,70,1,0.0
377,San Rafael,AR,2021-12-02 14:10:24,-34.6177,-68.3301,70.29,64,57,12.59
378,Tateyama,JP,2021-12-02 14:13:41,34.9833,139.8667,51.82,62,48,21.77
379,Bonavista,CA,2021-12-02 14:13:41,48.6499,-53.1147,41.11,72,100,15.97
380,Rabaul,PG,2021-12-02 14:13:41,-4.1967,152.1721,80.91,81,87,3.91
381,Chaozhou,CN,2021-12-02 14:13:42,23.6651,116.6379,54.43,41,0,4.81
382,Teya,RU,2021-12-02 14:13:42,60.3778,92.6267,27.03,89,100,11.07
383,Plonsk,PL,2021-12-02 14:13:42,52.6235,20.3755,43.05,67,8,23.78
384,Lasa,IT,2021-12-02 14:12:00,46.6166,10.7002,39.94,89,100,5.73
385,Otjimbingwe,NA,2021-12-02 14:13:42,-22.35,16.1333,93.72,16,62,6.91
386,Grand Gaube,MU,2021-12-02 14:13:43,-20.0064,57.6608,82.38,67,4,7.0
387,Cidreira,BR,2021-12-02 14:13:43,-30.1811,-50.2056,69.48,65,92,9.64
388,Bluefields,NI,2021-12-02 14:09:18,12.0137,-83.7635,75.85,92,100,7.67
389,Qasigiannguit,GL,2021-12-02 14:13:43,68.8193,-51.1922,25.36,91,100,19.17
390,Mokhsogollokh,RU,2021-12-02 14:13:43,61.4681,128.9203,-18.89,88,15,10.22
391,Inirida,CO,2021-12-02 14:13:44,3.8653,-67.9239,74.03,98,100,0.85
392,Pervoavgustovskiy,RU,2021-12-02 14:13:44,52.2264,35.0552,32.11,98,100,15.93
393,Codajas,BR,2021-12-02 14:13:44,-3.8367,-62.0569,85.57,65,89,3.31
394,Hohhot,CN,2021-12-02 14:13:44,40.8106,111.6522,24.4,44,2,2.91
395,Kaifeng,CN,2021-12-02 14:13:45,34.7911,114.3483,46.22,27,0,13.47
396,Inuvik,CA,2021-12-02 14:13:45,68.3499,-133.7218,-16.82,96,100,13.87
397,Maldonado,UY,2021-12-02 14:11:58,-34.6667,-54.9167,71.22,52,28,8.37
398,Luanda,AO,2021-12-02 14:13:45,-8.8368,13.2343,82.24,73,23,13.44
399,Namibe,AO,2021-12-02 14:13:45,-15.1961,12.1522,74.3,78,84,11.01
400,Houma,US,2021-12-02 14:10:01,29.5958,-90.7195,63.0,100,1,0.0
401,Santa Ana,US,2021-12-02 14:13:46,33.7456,-117.8678,67.64,95,90,0.0
402,Itaituba,BR,2021-12-02 14:13:46,-4.2761,-55.9836,84.51,68,95,4.72
403,Borogontsy,RU,2021-12-02 14:13:46,62.6683,131.1683,-25.17,94,65,8.28
404,Amazar,RU,2021-12-02 14:13:46,53.858,120.875,-2.72,98,80,3.22
405,Revda,RU,2021-12-02 14:13:47,56.801,59.9303,29.21,81,95,12.28
406,Tuy Hoa,VN,2021-12-02 14:13:47,13.0833,109.3,71.31,77,98,12.75
407,Tomigusuku,JP,2021-12-02 14:13:47,26.185,127.675,60.57,82,20,9.22
408,Santa Maria,BR,2021-12-02 14:13:47,-29.6842,-53.8069,76.14,50,0,8.52
409,Ust-Uda,RU,2021-12-02 14:13:48,54.1742,103.0304,28.96,72,100,8.61
410,Fortuna,US,2021-12-02 14:13:48,40.5982,-124.1573,50.36,76,90,1.99
411,Oxelosund,SE,2021-12-02 14:13:48,58.6706,17.1015,24.73,92,75,11.5
412,Baoying,CN,2021-12-02 14:13:48,33.2292,119.3092,42.91,41,0,6.55
413,Kupang,ID,2021-12-02 14:13:49,-10.1667,123.5833,81.28,83,100,2.84
414,Tautira,PF,2021-12-02 14:13:49,-17.7333,-149.15,78.82,78,80,23.42
415,Rudbar,AF,2021-12-02 14:13:49,30.15,62.6,69.44,19,2,9.93
416,Asind,IN,2021-12-02 14:13:49,25.7333,74.3333,63.37,49,100,8.37
417,Chihuahua,MX,2021-12-02 14:13:04,28.5,-106.0,43.63,61,12,4.97
418,Manica,FR,2021-12-02 14:13:50,49.0,-1.1667,44.01,61,15,10.18
419,Saint-Francois,FR,2021-12-02 14:13:50,46.4154,3.9054,40.48,69,75,14.97
420,Lorengau,PG,2021-12-02 14:09:47,-2.0226,147.2712,81.7,75,99,2.98
421,Rassvet,RU,2021-12-02 14:13:50,46.8333,40.75,39.87,85,30,2.24
422,Perama,GR,2021-12-02 14:13:51,37.9757,23.5828,62.89,50,20,0.0
423,Nador,MA,2021-12-02 14:13:51,35.174,-2.9287,59.25,58,40,18.41
424,Goderich,CA,2021-12-02 14:13:51,43.7501,-81.7165,47.21,82,100,21.59
425,San Andres,CO,2021-12-02 14:10:04,12.5847,-81.7006,84.22,74,40,11.5
426,Fallon,US,2021-12-02 14:13:51,39.4735,-118.7774,41.79,53,14,0.78
427,Bull Savanna,JM,2021-12-02 14:13:52,17.8868,-77.5902,78.69,70,87,5.37
428,Presidencia Roque Saenz Pena,AR,2021-12-02 14:13:52,-26.7852,-60.4388,84.33,37,0,7.27
429,Porto Velho,BR,2021-12-02 14:13:52,-8.7619,-63.9039,80.65,83,40,2.3
430,Igrim,RU,2021-12-02 14:13:53,63.1906,64.4162,-1.14,98,83,4.97
431,Narsaq,GL,2021-12-02 14:13:53,60.9167,-46.05,21.81,96,92,4.07
432,Semey,KZ,2021-12-02 14:13:53,50.4111,80.2275,23.22,68,0,13.42
433,Abu Dhabi,AE,2021-12-02 14:09:01,24.4667,54.3667,78.91,61,0,4.61
434,Coquimbo,CL,2021-12-02 14:13:53,-29.9533,-71.3436,60.53,77,75,14.97
435,Mchinji,MW,2021-12-02 14:13:54,-13.7984,32.8802,82.89,36,55,8.7
436,Bijie,CN,2021-12-02 14:13:54,27.3125,105.2942,43.16,87,100,3.18
437,Weyburn,CA,2021-12-02 14:13:54,49.6668,-103.8511,32.18,80,100,2.91
438,Novska,HR,2021-12-02 14:13:54,45.3406,16.9769,60.67,71,100,5.82
439,Tabory,RU,2021-12-02 14:13:55,58.5198,64.5495,34.86,89,100,9.1
440,Rokytne,UA,2021-12-02 14:13:55,51.2796,27.214,43.41,83,95,12.15
441,Saint-Paul,RE,2021-12-02 14:13:55,-21.0096,55.2707,82.49,75,73,3.49
442,Zaysan,KZ,2021-12-02 14:13:55,47.4667,84.8667,16.86,72,4,1.63
443,Omaruru,NA,2021-12-02 14:13:56,-21.4333,15.9333,84.11,32,100,20.0
444,Ust-Ishim,RU,2021-12-02 14:13:56,57.6935,71.1665,33.64,90,95,8.99
445,Gandajika,CD,2021-12-02 14:13:56,-6.75,23.95,79.3,79,99,4.12
446,Benguela,AO,2021-12-02 14:13:56,-12.5763,13.4055,82.69,69,37,12.21
447,Hofn,IS,2021-12-02 14:13:57,64.2539,-15.2082,40.84,98,100,12.37
448,Urbano Santos,BR,2021-12-02 14:13:57,-3.2078,-43.4036,94.95,40,99,5.01
449,Ahar,IR,2021-12-02 14:13:57,38.4774,47.0699,32.68,93,97,5.32
450,Kosonsoy,UZ,2021-12-02 14:13:57,41.2561,71.5508,41.56,27,100,4.05
451,Belaya Gora,RU,2021-12-02 14:12:16,68.5333,146.4167,-35.54,99,100,2.86
452,Alyangula,AU,2021-12-02 14:13:58,-13.8483,136.4192,85.24,75,100,14.2
453,Zheleznodorozhnyy,RU,2021-12-02 14:13:58,55.7503,38.0042,26.37,95,100,9.84
454,Nebaj,GT,2021-12-02 14:13:58,15.4058,-91.1461,56.35,85,61,3.56
455,Buala,SB,2021-12-02 14:13:58,-8.145,159.5921,79.93,81,100,0.31
456,Quatre Cocos,MU,2021-12-02 14:13:59,-20.2078,57.7625,82.09,75,28,14.09
457,Kharitonovo,RU,2021-12-02 14:13:59,61.4009,47.4978,19.04,94,100,9.31
458,Chulman,RU,2021-12-02 14:13:59,56.8479,124.9104,-10.35,93,100,11.61
459,Piranhas,BR,2021-12-02 14:13:59,-16.4269,-51.8222,86.97,60,98,0.76
460,Taganak,PH,2021-12-02 14:14:00,6.0833,118.3,82.33,78,100,7.4
461,Mareeba,AU,2021-12-02 14:14:00,-17.0,145.4333,75.92,95,86,1.54
462,Leshukonskoye,RU,2021-12-02 14:14:00,64.8989,45.7622,18.05,97,100,4.23
463,Nasirabad,IN,2021-12-02 14:14:00,26.3,74.7333,65.16,42,98,6.8
464,Strezhevoy,RU,2021-12-02 14:14:01,60.7333,77.5889,35.58,78,100,14.99
465,Hami,CN,2021-12-02 14:14:01,42.8,93.45,27.99,58,80,2.53
466,Emerald,AU,2021-12-02 14:14:01,-23.5333,148.1667,76.98,50,67,4.47
467,Roald,NO,2021-12-02 14:14:01,62.5833,6.1333,35.74,51,75,11.5
468,Ceres,US,2021-12-02 14:14:02,37.5949,-120.9577,60.57,93,20,3.44
469,Port Blair,IN,2021-12-02 14:14:02,11.6667,92.75,78.04,91,100,14.0
470,Oistins,BB,2021-12-02 14:14:02,13.0667,-59.5333,86.09,66,40,23.02
471,Port Shepstone,ZA,2021-12-02 14:14:02,-30.7414,30.455,74.55,90,74,17.47
472,Atbasar,KZ,2021-12-02 14:14:03,51.8,68.3333,33.71,85,61,13.91
473,Iberia,US,2021-12-02 14:14:03,29.9502,-91.7507,58.96,100,90,0.0
474,Saint Anthony,US,2021-12-02 14:14:03,45.0205,-93.218,40.6,72,1,3.0
475,Ferme-Neuve,CA,2021-12-02 14:14:03,46.7001,-75.4493,33.62,97,100,13.47
476,Mukhen,RU,2021-12-02 14:14:04,48.1,136.1,18.3,88,100,6.22
477,Bandarbeyla,SO,2021-12-02 14:12:04,9.4942,50.8122,78.37,66,0,18.14
478,Kutum,SD,2021-12-02 14:14:04,14.2,24.6667,80.37,17,0,7.05
479,Ciudad Bolivar,VE,2021-12-02 14:14:04,8.1222,-63.5497,83.97,63,100,10.45
480,Mogadishu,SO,2021-12-02 14:14:04,2.0371,45.3438,81.81,69,19,16.42
481,Wiang Sa,TH,2021-12-02 14:14:05,8.6359,99.3666,78.85,92,98,3.49
482,Shirokiy,RU,2021-12-02 14:14:05,49.758,129.523,-6.74,100,58,5.84
483,Esik,KZ,2021-12-02 14:14:05,43.3552,77.4525,29.62,39,19,9.1
484,Dunedin,NZ,2021-12-02 14:14:05,-45.8742,170.5036,57.06,93,76,10.22
485,Cacahoatan,MX,2021-12-02 14:14:06,14.9833,-92.1667,79.93,54,25,1.79
486,Kharp,RU,2021-12-02 14:14:06,66.8014,65.8081,5.5,96,99,1.68
487,Kapiri Mposhi,ZM,2021-12-02 14:14:06,-13.9652,28.6809,83.48,32,81,4.63
488,Udachnyy,RU,2021-12-02 14:14:06,66.4167,112.4,-33.86,100,87,3.02
489,Arman,RU,2021-12-02 14:14:07,59.7,150.1667,-3.89,93,96,24.45
490,Udalguri,IN,2021-12-02 14:14:07,26.7667,92.1333,66.99,59,98,4.5
491,Arawa,PG,2021-12-02 14:14:07,-6.2132,155.5367,76.8,88,59,2.39
492,Nisia Floresta,BR,2021-12-02 14:14:07,-6.0911,-35.2086,90.41,48,98,12.93
493,Caibarien,CU,2021-12-02 14:14:08,22.5206,-79.4669,74.52,73,47,10.42
494,Kaura Namoda,NG,2021-12-02 14:14:08,12.5898,6.5779,92.98,12,64,11.72
495,Hambantota,LK,2021-12-02 14:14:08,6.1241,81.1185,78.96,83,38,3.91
496,Chalus,IR,2021-12-02 14:14:08,36.655,51.4204,56.14,94,100,11.45
497,Champerico,GT,2021-12-02 14:14:09,14.3,-91.9167,85.35,68,71,5.1
498,Kouroussa,GN,2021-12-02 14:14:09,10.65,-9.8833,96.08,15,93,3.83
499,Nuuk,GL,2021-12-02 14:14:09,64.1835,-51.7216,25.88,86,100,15.01
500,Guerrero Negro,MX,2021-12-02 14:14:09,27.9769,-114.0611,60.67,87,3,5.97
501,Morehead,US,2021-12-02 14:14:10,37.2711,-87.1764,50.31,99,1,1.99
502,Camacupa,AO,2021-12-02 14:14:10,-12.0167,17.4833,76.39,55,35,6.35
503,Imperial,US,2021-12-02 14:14:10,33.0334,-115.4175,66.07,24,50,1.83
504,Sanchor,IN,2021-12-02 14:14:10,24.7553,71.7722,72.21,40,3,3.15
505,Baturite,BR,2021-12-02 14:11:39,-4.3286,-38.8847,94.98,34,38,6.8
506,Lavrentiya,RU,2021-12-02 14:14:11,65.5833,-171.0,-12.69,86,7,3.49
507,North Bend,US,2021-12-02 14:14:11,43.4065,-124.2243,51.71,97,75,0.0
508,Stavern,NO,2021-12-02 14:14:11,59.0,10.0333,27.63,85,41,7.4
509,Imbituba,BR,2021-12-02 14:14:11,-28.24,-48.6703,69.69,63,97,7.67
510,Palestine,PS,2021-12-02 14:14:12,31.9216,35.2033,59.36,70,29,7.67
511,Naryan-Mar,RU,2021-12-02 14:14:12,67.6713,53.087,5.86,92,100,15.99
512,Lircay,PE,2021-12-02 14:14:12,-12.9896,-74.7205,53.76,75,94,5.5
513,Sao Gabriel Da Cachoeira,BR,2021-12-02 14:14:13,-0.1303,-67.0892,74.14,97,100,2.19
514,Caravelas,BR,2021-12-02 14:14:13,-17.7125,-39.2481,84.18,68,35,6.4
515,Poum,NC,2021-12-02 14:14:13,-20.2333,164.0167,80.82,79,95,17.63
516,Ahuimanu,US,2021-12-02 14:14:13,21.4447,-157.8378,72.46,84,20,0.0
517,Cascais,PT,2021-12-02 14:11:11,38.6979,-9.4215,60.51,63,20,15.01
518,Novobirilyussy,RU,2021-12-02 14:14:14,56.9514,90.6661,25.74,81,100,8.77
519,Dolinsk,RU,2021-12-02 14:14:14,47.35,142.8,29.86,67,56,17.18
520,Zalantun,CN,2021-12-02 14:14:14,48.0,122.7167,14.88,66,2,11.41
521,Tias,ES,2021-12-02 14:14:14,28.9611,-13.645,69.55,60,40,20.71
522,Basco,PH,2021-12-02 14:14:15,20.4487,121.9702,73.72,66,91,21.05
523,Bud,US,2021-12-02 14:14:15,39.447,-86.1758,51.69,80,100,13.22
524,Ambikapur,IN,2021-12-02 14:14:15,23.1167,83.2,60.76,49,8,4.09
525,Winston,US,2021-12-02 14:14:15,28.0317,-82.0148,66.76,74,1,9.22
526,Normandin,CA,2021-12-02 14:14:16,48.8333,-72.5321,28.0,76,100,12.48
527,Voi,KE,2021-12-02 14:14:16,-3.3945,38.563,83.55,49,89,6.4
528,Kirakira,SB,2021-12-02 14:14:16,-10.4544,161.9205,79.48,82,94,1.72
529,Kaili,ID,2021-12-02 14:14:16,-3.4626,120.2147,69.01,93,98,2.95
530,Ulaanbaatar,MN,2021-12-02 14:11:40,47.9077,106.8832,-0.27,78,0,4.47
531,Ningyang,CN,2021-12-02 14:14:17,35.7642,116.7914,39.07,49,0,5.7
532,Saint-Denis,FR,2021-12-02 14:14:17,48.9167,2.3333,44.19,60,75,4.0
533,Tiksi,RU,2021-12-02 14:14:17,71.6872,128.8694,-29.72,100,71,2.57
534,Yinchuan,CN,2021-12-02 14:14:17,38.4681,106.2731,32.36,26,0,5.3
535,Vitim,RU,2021-12-02 14:14:18,59.4511,112.5578,-19.12,100,93,1.68
536,Doba,TD,2021-12-02 14:14:18,8.65,16.85,99.59,14,46,4.43
537,Tosham,IN,2021-12-02 14:14:18,28.8833,75.9167,66.76,29,67,4.85
538,Zhangjiakou,CN,2021-12-02 14:14:18,40.81,114.8794,28.9,50,0,11.27
539,Sinnamary,GF,2021-12-02 14:14:19,5.3833,-52.95,81.27,81,54,10.89
540,Santiago,CL,2021-12-02 14:10:52,-33.4569,-70.6483,75.99,37,0,3.44
541,Podor,MR,2021-12-02 14:14:19,16.6527,-14.9587,96.33,8,98,8.37
542,Batagay,RU,2021-12-02 14:12:15,67.6333,134.6333,-45.24,100,98,1.01
543,Jaguarari,BR,2021-12-02 14:14:19,-10.2639,-40.1958,87.66,42,89,6.13
544,Voh,NC,2021-12-02 14:14:20,-20.9667,164.7,76.78,87,80,5.23
545,Mitsamiouli,KM,2021-12-02 14:14:20,-11.3847,43.2844,81.18,74,41,7.83
546,Kantunilkin,MX,2021-12-02 14:14:20,21.0917,-87.45,75.04,94,31,1.14
547,Sarh,TD,2021-12-02 14:14:20,9.1429,18.3923,99.19,14,30,6.06
548,Nyaunglebin,MM,2021-12-02 14:14:21,17.95,96.7333,73.09,78,91,2.42
549,Skibbereen,IE,2021-12-02 14:14:21,51.55,-9.2667,48.0,77,67,11.39
550,Mlowo,TZ,2021-12-02 14:14:21,-9.0,32.9833,74.5,49,99,6.42
551,Mombetsu,JP,2021-12-02 14:11:45,44.3525,143.3525,31.86,61,10,11.5
552,Anloga,GH,2021-12-02 14:14:22,5.7947,0.8973,85.19,68,46,11.79
553,Codrington,AU,2021-12-02 14:14:22,-38.2667,141.9667,51.3,85,0,4.36
554,Tiznit,MA,2021-12-02 14:14:22,29.5833,-9.5,60.19,48,0,16.2
555,Hvide Sande,DK,2021-12-02 14:10:16,56.0045,8.1294,37.99,75,0,2.3
556,Itupiranga,BR,2021-12-02 14:12:27,-5.1347,-49.3267,88.12,52,51,2.66
557,Poltavka,RU,2021-12-02 14:14:23,54.3663,71.7632,35.76,82,97,17.09
558,San Quintin,MX,2021-12-02 14:14:23,30.4833,-115.95,57.69,84,0,4.36
559,Leningradskiy,RU,2021-12-02 14:14:23,69.3833,178.4167,-17.72,98,72,7.99
560,Lompoc,US,2021-12-02 14:14:23,34.6391,-120.4579,51.48,100,90,5.75
561,Kendari,ID,2021-12-02 14:14:24,-3.945,122.4989,78.89,81,100,0.78
562,Ilembo,TZ,2021-12-02 14:14:24,-9.25,33.3833,68.32,63,72,7.78
563,Dicabisagan,PH,2021-12-02 14:14:24,17.0818,122.4157,71.8,86,89,9.57
564,Costa Rica,BR,2021-12-02 14:12:16,-23.4167,-54.65,88.0,35,20,0.58
565,Steamboat Springs,US,2021-12-02 14:14:24,40.485,-106.8317,47.7,75,1,0.0
566,Dakar,SN,2021-12-02 14:13:34,14.6937,-17.4441,92.28,64,82,19.19
567,Sisimiut,GL,2021-12-02 14:14:25,66.9395,-53.6735,26.26,90,100,28.48
568,Sturgis,US,2021-12-02 14:14:25,41.7992,-85.4192,48.45,43,75,11.5
569,Mayachnyy,RU,2021-12-02 14:14:25,52.6839,55.685,16.93,98,54,6.58
570,Ziarat,PK,2021-12-02 14:14:25,30.3823,67.7282,39.02,36,4,0.25
571,Bakchar,RU,2021-12-02 14:14:26,57.0186,82.0711,24.03,77,100,10.85
572,Sibu,MY,2021-12-02 14:14:26,2.3,111.8167,74.71,95,56,0.87
573,Boa Vista,BR,2021-12-02 14:14:26,2.8197,-60.6733,80.58,83,90,8.05
574,Nikel,RU,2021-12-02 14:14:26,69.4128,30.222,28.58,84,98,6.53
575,Khandagayty,RU,2021-12-02 14:14:27,50.7333,92.05,5.02,92,59,5.23
576,Pahrump,US,2021-12-02 14:14:27,36.2083,-115.9839,57.18,32,100,1.36
577,Vao,NC,2021-12-02 14:14:27,-22.6667,167.4833,75.79,83,100,19.19
578,Praia,CV,2021-12-02 14:11:27,14.9215,-23.5087,75.85,62,100,19.01
579,Manta,EC,2021-12-02 14:14:28,-0.95,-80.7333,74.98,83,90,9.22
580,Darnah,LY,2021-12-02 14:14:28,32.767,22.6367,67.28,51,90,11.23
581,Garissa,KE,2021-12-02 14:14:28,-0.4536,39.6401,87.8,48,99,7.92
582,Palana,RU,2021-12-02 14:14:29,59.1167,159.9667,27.34,95,100,7.52
583,Kiruna,SE,2021-12-02 14:14:29,67.8557,20.2251,20.32,86,75,14.97
584,Grand Baie,MU,2021-12-02 14:14:29,-20.0182,57.5802,82.45,67,6,7.0
585,Harper,LR,2021-12-02 14:14:29,4.375,-7.7169,82.8,73,70,7.2
586,Wetaskiwin,CA,2021-12-02 14:14:30,52.9668,-113.3687,35.11,95,100,12.66
587,Fairbanks,US,2021-12-02 14:14:30,64.8378,-147.7164,-2.24,78,90,0.0
588,Namatanai,PG,2021-12-02 14:14:30,-3.6667,152.4333,80.47,78,87,4.12
589,Chicama,PE,2021-12-02 14:14:30,-7.8447,-79.1469,70.32,73,100,6.35
